"id","parent1","parent2"
"W15268-4R","W6511-1R","VillettaRose"
"W15268-5R","W6511-1R","VillettaRose"
"W15268-6R","W6511-1R","VillettaRose"
"W15268-7R","W6511-1R","VillettaRose"
"W15268-8R","W6511-1R","VillettaRose"
"W15268-9R","W6511-1R","VillettaRose"
"W15268-12R","W6511-1R","VillettaRose"
"W15268-13R","W6511-1R","VillettaRose"
"W15268-16R","W6511-1R","VillettaRose"
"W15268-17R","W6511-1R","VillettaRose"
"W15268-18R","W6511-1R","VillettaRose"
"W15268-19R","W6511-1R","VillettaRose"
"W15268-20R","W6511-1R","VillettaRose"
"W15268-21R","W6511-1R","VillettaRose"
"W15268-24R","W6511-1R","VillettaRose"
"W15268-26R","W6511-1R","VillettaRose"
"W15268-27R","W6511-1R","VillettaRose"
"W15268-28R","W6511-1R","VillettaRose"
"W15268-29R","W6511-1R","VillettaRose"
"W15268-30R","W6511-1R","VillettaRose"
"W15268-31R","W6511-1R","VillettaRose"
"W15268-32R","W6511-1R","VillettaRose"
"W15268-33R","W6511-1R","VillettaRose"
"W15268-34R","W6511-1R","VillettaRose"
"W15268-36R","W6511-1R","VillettaRose"
"W15268-41R","W6511-1R","VillettaRose"
"W15268-42R","W6511-1R","VillettaRose"
"W15268-47R","W6511-1R","VillettaRose"
"W15268-48R","W6511-1R","VillettaRose"
"W15268-49R","W6511-1R","VillettaRose"
"W15268-51R","W6511-1R","VillettaRose"
"W15268-53R","W6511-1R","VillettaRose"
"W15268-56R","W6511-1R","VillettaRose"
"W15268-57R","W6511-1R","VillettaRose"
"W15268-61R","W6511-1R","VillettaRose"
"W15268-63R","W6511-1R","VillettaRose"
"W15268-65R","W6511-1R","VillettaRose"
"W15268-68R","W6511-1R","VillettaRose"
"W15268-73R","W6511-1R","VillettaRose"
"W15268-74R","W6511-1R","VillettaRose"
"W15268-76R","W6511-1R","VillettaRose"
"W15268-78R","W6511-1R","VillettaRose"
"W15268-79R","W6511-1R","VillettaRose"
"W15268-80R","W6511-1R","VillettaRose"
"W15268-82R","W6511-1R","VillettaRose"
"W15268-83R","W6511-1R","VillettaRose"
"W15268-85R","W6511-1R","VillettaRose"
"W15268-87R","W6511-1R","VillettaRose"
"W15268-88R","W6511-1R","VillettaRose"
"W15268-89R","W6511-1R","VillettaRose"
"W15268-90R","W6511-1R","VillettaRose"
"W15268-91R","W6511-1R","VillettaRose"
"W15268-93R","W6511-1R","VillettaRose"
"W15268-95R","W6511-1R","VillettaRose"
"W15268-96R","W6511-1R","VillettaRose"
"W15268-97R","W6511-1R","VillettaRose"
"W15268-99R","W6511-1R","VillettaRose"
"W15268-101R","W6511-1R","VillettaRose"
"W15268-102R","W6511-1R","VillettaRose"
"W15268-103R","W6511-1R","VillettaRose"
"W15268-104R","W6511-1R","VillettaRose"
"W15268-106R","W6511-1R","VillettaRose"
"W15268-107R","W6511-1R","VillettaRose"
"W15268-108R","W6511-1R","VillettaRose"
"W15268-109R","W6511-1R","VillettaRose"
"W15268-110R","W6511-1R","VillettaRose"
"W15268-111R","W6511-1R","VillettaRose"
"W15268-112R","W6511-1R","VillettaRose"
"W15268-114R","W6511-1R","VillettaRose"
"W15268-115R","W6511-1R","VillettaRose"
"W15268-116R","W6511-1R","VillettaRose"
"W15268-117R","W6511-1R","VillettaRose"
"W15268-118R","W6511-1R","VillettaRose"
"W15268-119R","W6511-1R","VillettaRose"
"W15268-121R","W6511-1R","VillettaRose"
"W15268-122R","W6511-1R","VillettaRose"
"W15268-123R","W6511-1R","VillettaRose"
"W15268-124R","W6511-1R","VillettaRose"
"W15268-125R","W6511-1R","VillettaRose"
"W15268-127R","W6511-1R","VillettaRose"
"W15268-129R","W6511-1R","VillettaRose"
"W15268-130R","W6511-1R","VillettaRose"
"W15268-134R","W6511-1R","VillettaRose"
"W15268-136R","W6511-1R","VillettaRose"
"W15268-137R","W6511-1R","VillettaRose"
"W15268-138R","W6511-1R","VillettaRose"
"W15268-139R","W6511-1R","VillettaRose"
"W15268-141R","W6511-1R","VillettaRose"
"W15268-142R","W6511-1R","VillettaRose"
"W15268-146R","W6511-1R","VillettaRose"
"W15268-147R","W6511-1R","VillettaRose"
"W15268-148R","W6511-1R","VillettaRose"
"W15268-151R","W6511-1R","VillettaRose"
"W15268-153R","W6511-1R","VillettaRose"
"W15268-156R","W6511-1R","VillettaRose"
"W15268-158R","W6511-1R","VillettaRose"
"W15268-159R","W6511-1R","VillettaRose"
"W15268-161R","W6511-1R","VillettaRose"
"W15268-162R","W6511-1R","VillettaRose"
"W15268-164R","W6511-1R","VillettaRose"
"W15268-166R","W6511-1R","VillettaRose"
"W15268-171R","W6511-1R","VillettaRose"
"W15268-174R","W6511-1R","VillettaRose"
"W15268-175R","W6511-1R","VillettaRose"
"W15268-176R","W6511-1R","VillettaRose"
"W15268-179R","W6511-1R","VillettaRose"
"W15268-180R","W6511-1R","VillettaRose"
"W15268-182R","W6511-1R","VillettaRose"
"W15268-183R","W6511-1R","VillettaRose"
"W15268-184R","W6511-1R","VillettaRose"
"W15268-185R","W6511-1R","VillettaRose"
"W15268-186R","W6511-1R","VillettaRose"
"W15268-187R","W6511-1R","VillettaRose"
"W15268-188R","W6511-1R","VillettaRose"
"W15268-189R","W6511-1R","VillettaRose"
"W15268-190R","W6511-1R","VillettaRose"
"W15268-192R","W6511-1R","VillettaRose"
"W15268-193R","W6511-1R","VillettaRose"
"W15268-195R","W6511-1R","VillettaRose"
"W15268-196R","W6511-1R","VillettaRose"
"W15268-197R","W6511-1R","VillettaRose"
"W15268-198R","W6511-1R","VillettaRose"
"W15268-200R","W6511-1R","VillettaRose"
"W15268-201R","W6511-1R","VillettaRose"
"W15268-203R","W6511-1R","VillettaRose"
"W15268-204R","W6511-1R","VillettaRose"
"W15268-205R","W6511-1R","VillettaRose"
"W15268-209R","W6511-1R","VillettaRose"
"W15268-210R","W6511-1R","VillettaRose"
"W15268-212R","W6511-1R","VillettaRose"
"W15268-213R","W6511-1R","VillettaRose"
"W15268-214R","W6511-1R","VillettaRose"
"W15268-216R","W6511-1R","VillettaRose"
"W15268-218R","W6511-1R","VillettaRose"
"W15268-221R","W6511-1R","VillettaRose"
"W15268-224R","W6511-1R","VillettaRose"
"W15268-226R","W6511-1R","VillettaRose"
"W15268-228R","W6511-1R","VillettaRose"
"W15268-229R","W6511-1R","VillettaRose"
"W15268-232R","W6511-1R","VillettaRose"
"W15268-235R","W6511-1R","VillettaRose"
"W15268-237R","W6511-1R","VillettaRose"
"W15267-81R","W9914-1R","W6511-1R"
"W15267-75R","W9914-1R","W6511-1R"
"W15267-204R","W9914-1R","W6511-1R"
"W15267-212R","W9914-1R","W6511-1R"
"W15267-209R","W9914-1R","W6511-1R"
"W15267-111R","W9914-1R","W6511-1R"
"W15267-110R","W9914-1R","W6511-1R"
"W15267-24R","W9914-1R","W6511-1R"
"W15267-22R","W9914-1R","W6511-1R"
"W15267-21R","W9914-1R","W6511-1R"
"W15267-30R","W9914-1R","W6511-1R"
"W15267-19R","W9914-1R","W6511-1R"
"W15267-105R","W9914-1R","W6511-1R"
"W15267-104R","W9914-1R","W6511-1R"
"W15267-17R","W9914-1R","W6511-1R"
"W15267-34R","W9914-1R","W6511-1R"
"W15267-102R","W9914-1R","W6511-1R"
"W15267-35R","W9914-1R","W6511-1R"
"W15267-16R","W9914-1R","W6511-1R"
"W15267-101R","W9914-1R","W6511-1R"
"W15267-100R","W9914-1R","W6511-1R"
"W15267-37R","W9914-1R","W6511-1R"
"W15267-13R","W9914-1R","W6511-1R"
"W15267-99R","W9914-1R","W6511-1R"
"W15267-98R","W9914-1R","W6511-1R"
"W15267-12R","W9914-1R","W6511-1R"
"W15267-11R","W9914-1R","W6511-1R"
"W15267-40R","W9914-1R","W6511-1R"
"W15267-97R","W9914-1R","W6511-1R"
"W15267-41R","W9914-1R","W6511-1R"
"W15267-10R","W9914-1R","W6511-1R"
"W15267-95R","W9914-1R","W6511-1R"
"W15267-43R","W9914-1R","W6511-1R"
"W15267-92R","W9914-1R","W6511-1R"
"W15267-45R","W9914-1R","W6511-1R"
"W15267-6R","W9914-1R","W6511-1R"
"W15267-46R","W9914-1R","W6511-1R"
"W15267-90R","W9914-1R","W6511-1R"
"W15267-3R","W9914-1R","W6511-1R"
"W15267-48R","W9914-1R","W6511-1R"
"W15267-89R","W9914-1R","W6511-1R"
"W15267-88R","W9914-1R","W6511-1R"
"W15267-2R","W9914-1R","W6511-1R"
"W15267-50R","W9914-1R","W6511-1R"
"W15267-87R","W9914-1R","W6511-1R"
"W15267-86R","W9914-1R","W6511-1R"
"W15267-51R","W9914-1R","W6511-1R"
"W15267-85R","W9914-1R","W6511-1R"
"W15267-84R","W9914-1R","W6511-1R"
"W15267-53R","W9914-1R","W6511-1R"
"W15267-82R","W9914-1R","W6511-1R"
"W15267-55R","W9914-1R","W6511-1R"
"W15267-56R","W9914-1R","W6511-1R"
"W15267-57R","W9914-1R","W6511-1R"
"W15267-79R","W9914-1R","W6511-1R"
"W15267-59R","W9914-1R","W6511-1R"
"W15267-60R","W9914-1R","W6511-1R"
"W15267-77R","W9914-1R","W6511-1R"
"W15267-61R","W9914-1R","W6511-1R"
"W15267-74R","W9914-1R","W6511-1R"
"W15267-73R","W9914-1R","W6511-1R"
"W15267-72R","W9914-1R","W6511-1R"
"W15267-62R","W9914-1R","W6511-1R"
"W15267-71R","W9914-1R","W6511-1R"
"W15267-70R","W9914-1R","W6511-1R"
"W15267-63R","W9914-1R","W6511-1R"
"W15267-65R","W9914-1R","W6511-1R"
"W15267-66R","W9914-1R","W6511-1R"
"W15267-67R","W9914-1R","W6511-1R"
"W15267-201R","W9914-1R","W6511-1R"
"W15267-202R","W9914-1R","W6511-1R"
"W15267-200R","W9914-1R","W6511-1R"
"W15267-113R","W9914-1R","W6511-1R"
"W15267-114R","W9914-1R","W6511-1R"
"W15267-199R","W9914-1R","W6511-1R"
"W15267-205R","W9914-1R","W6511-1R"
"W15267-115R","W9914-1R","W6511-1R"
"W15267-116R","W9914-1R","W6511-1R"
"W15267-197R","W9914-1R","W6511-1R"
"W15267-196R","W9914-1R","W6511-1R"
"W15267-117R","W9914-1R","W6511-1R"
"W15267-195R","W9914-1R","W6511-1R"
"W15267-193R","W9914-1R","W6511-1R"
"W15267-192R","W9914-1R","W6511-1R"
"W15267-121R","W9914-1R","W6511-1R"
"W15267-122R","W9914-1R","W6511-1R"
"W15267-213R","W9914-1R","W6511-1R"
"W15267-190R","W9914-1R","W6511-1R"
"W15267-189R","W9914-1R","W6511-1R"
"W15267-214R","W9914-1R","W6511-1R"
"W15267-126R","W9914-1R","W6511-1R"
"W15267-187R","W9914-1R","W6511-1R"
"W15267-216R","W9914-1R","W6511-1R"
"W15267-217R","W9914-1R","W6511-1R"
"W15267-186R","W9914-1R","W6511-1R"
"W15267-127R","W9914-1R","W6511-1R"
"W15267-218R","W9914-1R","W6511-1R"
"W15267-180R","W9914-1R","W6511-1R"
"W15267-129R","W9914-1R","W6511-1R"
"W15267-220R","W9914-1R","W6511-1R"
"W15267-182R","W9914-1R","W6511-1R"
"W15267-131R","W9914-1R","W6511-1R"
"W15267-132R","W9914-1R","W6511-1R"
"W15267-222R","W9914-1R","W6511-1R"
"W15267-133R","W9914-1R","W6511-1R"
"W15267-224R","W9914-1R","W6511-1R"
"W15267-136R","W9914-1R","W6511-1R"
"W15267-177R","W9914-1R","W6511-1R"
"W15267-226R","W9914-1R","W6511-1R"
"W15267-227R","W9914-1R","W6511-1R"
"W15267-176R","W9914-1R","W6511-1R"
"W15267-137R","W9914-1R","W6511-1R"
"W15267-174R","W9914-1R","W6511-1R"
"W15267-139R","W9914-1R","W6511-1R"
"W15267-140R","W9914-1R","W6511-1R"
"W15267-173R","W9914-1R","W6511-1R"
"W15267-172R","W9914-1R","W6511-1R"
"W15267-142R","W9914-1R","W6511-1R"
"W15267-171R","W9914-1R","W6511-1R"
"W15267-170R","W9914-1R","W6511-1R"
"W15267-143R","W9914-1R","W6511-1R"
"W15267-145R","W9914-1R","W6511-1R"
"W15267-146R","W9914-1R","W6511-1R"
"W15267-147R","W9914-1R","W6511-1R"
"W15267-148R","W9914-1R","W6511-1R"
"W15267-165R","W9914-1R","W6511-1R"
"W15267-164R","W9914-1R","W6511-1R"
"W15267-149R","W9914-1R","W6511-1R"
"W15267-150R","W9914-1R","W6511-1R"
"W15267-163R","W9914-1R","W6511-1R"
"W15267-162R","W9914-1R","W6511-1R"
"W15267-161R","W9914-1R","W6511-1R"
"W15267-160R","W9914-1R","W6511-1R"
"W15267-153R","W9914-1R","W6511-1R"
"W15267-154R","W9914-1R","W6511-1R"
"W15267-159R","W9914-1R","W6511-1R"
"W15267-157R","W9914-1R","W6511-1R"
"W15267-26R","W9914-1R","W6511-1R"
"W15267-31R","W9914-1R","W6511-1R"
"W15267-32R","W9914-1R","W6511-1R"
"W15267-7R","W9914-1R","W6511-1R"
"W15267-93R","W9914-1R","W6511-1R"
"W15263-56R","W9914-1R","VillettaRose"
"W15263-64R","W9914-1R","VillettaRose"
"W15263-70R","W9914-1R","VillettaRose"
"W15263-76R","W9914-1R","VillettaRose"
"W15263-50R","W9914-1R","VillettaRose"
"W15263-55R","W9914-1R","VillettaRose"
"W15263-42R","W9914-1R","VillettaRose"
"W15263-46R","W9914-1R","VillettaRose"
"W15263-60R","W9914-1R","VillettaRose"
"W15263-45R","W9914-1R","VillettaRose"
"W15263-63R","W9914-1R","VillettaRose"
"W15263-41R","W9914-1R","VillettaRose"
"W15263-65R","W9914-1R","VillettaRose"
"W15263-39R","W9914-1R","VillettaRose"
"W15263-38R","W9914-1R","VillettaRose"
"W15263-36R","W9914-1R","VillettaRose"
"W15263-34R","W9914-1R","VillettaRose"
"W15263-71R","W9914-1R","VillettaRose"
"W15263-31R","W9914-1R","VillettaRose"
"W15263-75R","W9914-1R","VillettaRose"
"W15263-29R","W9914-1R","VillettaRose"
"W15263-78R","W9914-1R","VillettaRose"
"W15263-80R","W9914-1R","VillettaRose"
"W15263-25R","W9914-1R","VillettaRose"
"W15263-81R","W9914-1R","VillettaRose"
"W15263-82R","W9914-1R","VillettaRose"
"W15263-12R","W9914-1R","VillettaRose"
"W15263-84R","W9914-1R","VillettaRose"
"W15263-85R","W9914-1R","VillettaRose"
"W15263-86R","W9914-1R","VillettaRose"
"W15263-19R","W9914-1R","VillettaRose"
"W15263-18R","W9914-1R","VillettaRose"
"W15263-87R","W9914-1R","VillettaRose"
"W15263-16R","W9914-1R","VillettaRose"
"W15263-1R","W9914-1R","VillettaRose"
"W15263-2R","W9914-1R","VillettaRose"
"W15263-11R","W9914-1R","VillettaRose"
"W15263-5R","W9914-1R","VillettaRose"
"W15263-10R","W9914-1R","VillettaRose"
"W15263-7R","W9914-1R","VillettaRose"
"W15263-8R","W9914-1R","VillettaRose"
"W15277B-39R","W9914-1R","VillettaRose"
"W15277B-19R","W9914-1R","VillettaRose"
"W15277B-20R","W9914-1R","VillettaRose"
"W15277B-18R","W9914-1R","VillettaRose"
"W15277B-17R","W9914-1R","VillettaRose"
"W15277B-22R","W9914-1R","VillettaRose"
"W15277B-16R","W9914-1R","VillettaRose"
"W15277B-15R","W9914-1R","VillettaRose"
"W15277B-14R","W9914-1R","VillettaRose"
"W15277B-13R","W9914-1R","VillettaRose"
"W15277B-12R","W9914-1R","VillettaRose"
"W15277B-11R","W9914-1R","VillettaRose"
"W15277B-29R","W9914-1R","VillettaRose"
"W15277B-10R","W9914-1R","VillettaRose"
"W15277B-9R","W9914-1R","VillettaRose"
"W15277B-30R","W9914-1R","VillettaRose"
"W15277B-31R","W9914-1R","VillettaRose"
"W15277B-8R","W9914-1R","VillettaRose"
"W15277B-32R","W9914-1R","VillettaRose"
"W15277B-33R","W9914-1R","VillettaRose"
"W15277B-6R","W9914-1R","VillettaRose"
"W15277B-5R","W9914-1R","VillettaRose"
"W15277B-36R","W9914-1R","VillettaRose"
"W15277B-37R","W9914-1R","VillettaRose"
"W15277B-2R","W9914-1R","VillettaRose"
"W15277B-1R","W9914-1R","VillettaRose"
"W15277-34R","W9914-1R","VillettaRose"
"W15277B-40R","W9914-1R","VillettaRose"
"W15277B-41R","W9914-1R","VillettaRose"
"W15277-32R","W9914-1R","VillettaRose"
"W15277-31R","W9914-1R","VillettaRose"
"W15277B-42R","W9914-1R","VillettaRose"
"W15277B-43R","W9914-1R","VillettaRose"
"W15277-30R","W9914-1R","VillettaRose"
"W15277-29R","W9914-1R","VillettaRose"
"W15277B-44R","W9914-1R","VillettaRose"
"W15277B-47R","W9914-1R","VillettaRose"
"W15277-26R","W9914-1R","VillettaRose"
"W15277-25R","W9914-1R","VillettaRose"
"W15277B-48R","W9914-1R","VillettaRose"
"W15277B-49R","W9914-1R","VillettaRose"
"W15277-24R","W9914-1R","VillettaRose"
"W15277B-50R","W9914-1R","VillettaRose"
"W15277B-51R","W9914-1R","VillettaRose"
"W15277-3R","W9914-1R","VillettaRose"
"W15277-21R","W9914-1R","VillettaRose"
"W15277B-52R","W9914-1R","VillettaRose"
"W15277B-53R","W9914-1R","VillettaRose"
"W15277-20R","W9914-1R","VillettaRose"
"W15277-19R","W9914-1R","VillettaRose"
"W15277B-54R","W9914-1R","VillettaRose"
"W15277B-56R","W9914-1R","VillettaRose"
"W15277B-57R","W9914-1R","VillettaRose"
"W15277-1R","W9914-1R","VillettaRose"
"W15277-2R","W9914-1R","VillettaRose"
"W15277-15R","W9914-1R","VillettaRose"
"W15277B-58R","W9914-1R","VillettaRose"
"W15277B-59R","W9914-1R","VillettaRose"
"W15277-14R","W9914-1R","VillettaRose"
"W15277-4R","W9914-1R","VillettaRose"
"W15277-13R","W9914-1R","VillettaRose"
"W15277B-60R","W9914-1R","VillettaRose"
"W15277B-61R","W9914-1R","VillettaRose"
"W15277-12R","W9914-1R","VillettaRose"
"W15277-11R","W9914-1R","VillettaRose"
"W15277B-62R","W9914-1R","VillettaRose"
"W15277-7R","W9914-1R","VillettaRose"
"W15277-9R","W9914-1R","VillettaRose"
"W15277B-38R","W9914-1R","VillettaRose"
